City_ID,City,Country,Lat,Lng,Max Temp,Humidity,Cloudiness,Wind Speed,Current Description
0,Hilo,US,19.73,-155.09,80.6,65,75,12.75,broken clouds
1,Avarua,CK,-21.21,-159.78,80.6,74,89,23.04,overcast clouds
2,Kismayo,SO,-0.36,42.55,80.26,82,76,12.37,light rain
3,Rikitea,PF,-23.12,-134.97,76.23,79,100,18.28,overcast clouds
4,Guigue,VE,10.09,-67.78,73.02,89,97,3.49,overcast clouds
5,New Norfolk,AU,-42.78,147.06,72.0,38,99,5.01,overcast clouds
6,Ushuaia,AR,-54.8,-68.3,37.4,86,40,9.17,shower rain
7,Mataura,NZ,-46.19,168.86,61.0,53,100,1.99,overcast clouds
8,Bandarbeyla,SO,9.49,50.81,74.68,78,55,14.63,broken clouds
9,Lithakia,GR,37.72,20.83,48.2,76,0,4.7,clear sky
10,Callaway,US,30.15,-85.57,73.4,88,1,3.36,clear sky
11,Coihaique,CL,-45.58,-72.07,46.4,75,75,9.17,light intensity shower rain
12,Narsaq,GL,60.92,-46.05,23.0,53,100,14.99,light shower snow
13,Tasiilaq,GL,65.61,-37.64,19.4,44,6,25.28,clear sky
14,Tura,IN,25.52,90.22,61.92,62,50,4.61,scattered clouds
15,Cape Town,ZA,-33.93,18.42,64.0,67,0,20.8,clear sky
16,Punta Arenas,CL,-53.15,-70.92,42.8,67,20,25.28,few clouds
17,Semey,KZ,50.41,80.23,5.0,84,74,6.71,broken clouds
18,Port Alfred,ZA,-33.59,26.89,64.2,76,75,27.22,broken clouds
19,Ribeira Grande,PT,38.52,-28.7,57.07,66,88,23.0,overcast clouds
20,Avera,US,33.19,-82.53,60.8,67,1,3.94,clear sky
21,Vaini,TO,-21.2,-175.2,84.2,79,75,21.92,broken clouds
22,Atuona,PF,-9.8,-139.03,79.0,71,41,20.27,scattered clouds
23,Alcanena,PT,39.46,-8.67,51.01,99,45,2.39,scattered clouds
24,Hobart,AU,-42.88,147.33,72.0,34,20,12.75,few clouds
25,Adrar,MR,20.5,-10.07,62.24,48,28,8.46,scattered clouds
26,Beloha,MG,-25.17,45.05,74.12,80,100,8.08,overcast clouds
27,Azul,AR,-36.78,-59.86,72.25,55,0,11.56,clear sky
28,Anito,PH,12.45,125.29,80.91,87,100,10.4,overcast clouds
29,Misratah,LY,32.38,15.09,66.2,75,0,20.54,clear sky
30,Mandera,KE,3.94,41.87,83.88,55,75,8.16,broken clouds
31,Bluff,NZ,-46.6,168.33,61.0,53,100,1.99,overcast clouds
32,Korem,ET,12.51,39.52,53.06,99,37,0.81,light rain
33,San Jose,US,37.34,-121.89,64.4,17,20,4.7,few clouds
34,Qaanaaq,GL,77.48,-69.36,-3.46,84,100,5.61,overcast clouds
35,Pulo,PH,15.25,120.93,77.0,83,75,2.24,moderate rain
36,Tilichiki,RU,60.47,166.1,-4.14,94,47,9.66,scattered clouds
37,Pimenta Bueno,BR,-11.67,-61.19,72.57,93,67,4.59,light rain
38,Faanui,PF,-16.48,-151.75,81.03,73,93,3.87,overcast clouds
39,College,US,64.86,-147.8,8.6,84,75,4.9,broken clouds
40,Itarema,BR,-2.92,-39.92,80.94,75,31,16.28,scattered clouds
41,Castro,BR,-24.79,-50.01,64.74,95,100,7.0,moderate rain
42,Severo-Kurilsk,RU,50.68,156.12,27.84,91,87,20.96,overcast clouds
43,Provideniya,RU,64.38,-173.3,24.84,96,80,11.99,broken clouds
44,Mirador,BR,-6.37,-44.36,75.79,80,93,1.92,light rain
45,Chama,CH,47.18,8.46,35.6,93,90,1.12,mist
46,Albany,US,42.6,-73.97,46.99,85,100,3.04,overcast clouds
47,Moranbah,AU,-22.0,148.05,82.87,33,80,16.73,broken clouds
48,Stepnogorsk,KZ,52.35,71.89,8.4,95,100,8.12,overcast clouds
49,Alofi,NU,-19.06,-169.92,82.4,88,75,9.17,broken clouds
50,Longyearbyen,SJ,78.22,15.64,33.8,80,90,34.45,light shower snow
51,Bengkulu,ID,-3.8,102.27,73.89,95,96,2.62,moderate rain
52,Kotma,IN,23.2,81.97,56.25,70,44,3.02,scattered clouds
53,Butaritari,KI,3.07,172.79,82.2,74,35,14.0,scattered clouds
54,Arraial Do Cabo,BR,-22.97,-42.03,74.89,86,24,20.89,few clouds
55,Diego De Almagro,CL,-26.37,-70.05,61.16,52,0,3.51,clear sky
56,Busselton,AU,-33.65,115.33,59.0,73,7,9.15,clear sky
57,Manjacaze,MZ,-24.71,33.88,72.54,89,100,9.08,overcast clouds
58,San Cristobal,VE,7.77,-72.22,78.8,83,75,5.82,broken clouds
59,Madras,IN,13.09,80.28,75.2,94,40,3.36,mist
60,Lagoa,PT,39.05,-27.98,56.3,65,86,25.72,overcast clouds
61,East London,ZA,-33.02,27.91,65.39,75,92,20.92,overcast clouds
62,Clyde River,CA,70.47,-68.59,-9.4,76,75,5.82,broken clouds
63,Barrow,US,71.29,-156.79,6.8,77,90,12.75,overcast clouds
64,Jamestown,US,42.1,-79.24,43.0,80,90,5.82,overcast clouds
65,Mantua,IT,45.17,10.78,39.0,99,22,1.01,few clouds
66,Wangqing,CN,43.32,129.76,12.4,88,0,3.24,clear sky
67,Sooke,CA,48.37,-123.73,51.8,71,85,4.7,overcast clouds
68,Beyneu,KZ,45.32,55.2,27.12,96,40,6.17,scattered clouds
69,Geraldton,AU,-28.77,114.6,66.2,48,7,21.92,clear sky
70,Calabozo,VE,8.92,-67.43,76.89,92,100,4.9,overcast clouds
71,Thiruvananthapuram,IN,8.48,76.92,78.8,78,40,2.24,mist
72,Kapaa,US,22.08,-159.32,80.6,69,20,20.8,few clouds
73,Nanortalik,GL,60.14,-45.24,28.36,97,100,13.78,snow
74,Manakara,MG,-22.13,48.02,72.95,93,5,4.32,clear sky
75,Eureka,US,40.8,-124.16,57.0,67,33,1.39,scattered clouds
76,Zenzeli,RU,45.92,47.05,33.35,90,6,7.27,clear sky
77,Haines Junction,CA,60.75,-137.51,12.2,78,100,5.82,overcast clouds
78,Kumluca,TR,36.37,30.29,59.88,36,43,7.38,scattered clouds
79,Kedgwick,CA,47.64,-67.34,34.74,97,100,2.77,overcast clouds
80,Ughelli,NG,5.49,6.01,75.04,95,36,2.93,scattered clouds
81,Opuwo,NA,-18.06,13.84,72.27,40,33,0.92,scattered clouds
82,Saint-Philippe,RE,-21.36,55.77,75.2,69,75,4.7,broken clouds
83,Iqaluit,CA,63.75,-68.51,23.0,85,90,16.11,light snow
84,Thompson,CA,55.74,-97.86,19.4,85,90,4.7,overcast clouds
85,Talnakh,RU,69.49,88.4,10.4,85,100,22.37,light snow
86,Torbay,CA,47.67,-52.73,50.0,87,90,18.34,overcast clouds
87,Bredasdorp,ZA,-34.53,20.04,64.4,68,100,14.99,overcast clouds
88,Souillac,MU,-20.52,57.52,73.4,73,40,8.05,scattered clouds
89,Samfya,ZM,-11.36,29.56,68.13,85,89,3.96,overcast clouds
90,Amga,RU,60.9,131.96,-4.49,89,100,5.59,overcast clouds
91,Tuktoyaktuk,CA,69.45,-133.04,3.2,84,90,3.36,overcast clouds
92,Sola,VU,-13.88,167.55,80.4,77,4,6.46,clear sky
93,Hermanus,ZA,-34.42,19.23,63.0,79,100,5.01,overcast clouds
94,Mount Isa,AU,-20.73,139.5,91.4,33,14,13.87,few clouds
95,Tezu,IN,27.92,96.17,66.22,39,100,2.51,moderate rain
96,Tiksi,RU,71.69,128.87,0.86,92,92,6.67,overcast clouds
97,Tautira,PF,-17.73,-149.15,87.8,70,40,9.17,scattered clouds
98,Shingu,JP,33.73,135.98,53.6,46,40,23.04,scattered clouds
99,Mayumba,GA,-3.43,10.66,76.64,89,100,3.13,light rain
100,Elliot,ZA,-31.33,27.85,51.91,58,37,4.65,scattered clouds
101,Chokurdakh,RU,70.63,147.92,-9.13,92,100,3.98,overcast clouds
102,Hithadhoo,MV,-0.6,73.08,81.68,72,83,10.45,broken clouds
103,Gazanjyk,TM,39.24,55.52,37.94,83,0,5.75,clear sky
104,Pangai,TO,-19.8,-174.35,84.2,83,75,5.82,broken clouds
105,Coquimbo,CL,-29.95,-71.34,60.8,72,0,8.05,clear sky
106,Kostomuksha,RU,64.57,30.58,22.21,98,89,2.39,overcast clouds
107,Northam,GB,51.03,-4.22,44.01,95,85,5.99,light rain
108,Dikson,RU,73.51,80.55,25.14,99,100,16.55,light snow
109,Howard Springs,AU,-12.5,131.05,91.0,70,40,6.93,scattered clouds
110,Athabasca,CA,54.72,-113.29,30.2,58,20,4.7,few clouds
111,Milyutinskaya,RU,48.63,41.67,34.21,90,97,8.16,overcast clouds
112,Yaan,NG,7.38,8.57,78.96,64,16,8.75,few clouds
113,Huarmey,PE,-10.07,-78.15,66.51,79,42,6.69,scattered clouds
114,Morant Bay,JM,17.88,-76.41,80.6,74,20,3.36,few clouds
115,Esperance,AU,-33.87,121.9,57.2,87,90,12.75,overcast clouds
116,Nizhniy Ingash,RU,56.2,96.53,3.6,93,0,1.63,clear sky
117,Saint-Pierre,RE,-21.34,55.48,75.2,69,75,4.7,broken clouds
118,Bubaque,GW,11.28,-15.83,82.98,61,0,12.53,clear sky
119,Nikolskoye,RU,59.7,30.79,35.6,85,90,13.42,overcast clouds
120,Honnali,IN,14.25,75.67,67.01,84,74,7.38,broken clouds
121,Sisimiut,GL,66.94,-53.67,17.6,87,100,19.44,overcast clouds
122,Klaksvik,FO,62.23,-6.59,42.8,81,100,13.87,overcast clouds
123,Baneh,IR,36.0,45.89,33.21,92,99,6.67,overcast clouds
124,La Ronge,CA,55.1,-105.28,30.2,68,21,4.7,few clouds
125,Dingle,PH,11.0,122.67,80.89,85,38,10.76,scattered clouds
126,Constitucion,CL,-35.33,-72.42,55.78,80,0,16.55,clear sky
127,Raudeberg,NO,61.99,5.14,42.01,87,100,9.53,overcast clouds
128,Wanaka,NZ,-44.7,169.15,61.75,37,100,7.74,overcast clouds
129,Tokur,RU,53.13,132.9,-12.64,89,81,1.99,broken clouds
130,Airai,TL,-8.93,125.41,73.02,64,98,2.73,overcast clouds
131,Kupang,ID,-10.17,123.58,87.37,61,39,3.6,scattered clouds
132,Guerrero Negro,MX,27.98,-114.06,70.18,30,77,9.6,broken clouds
133,Ratnagiri,IN,16.98,73.3,74.62,67,44,7.61,scattered clouds
134,Kadoma,JP,34.73,135.58,53.6,57,75,5.82,broken clouds
135,Kawalu,ID,-7.38,108.21,76.64,75,45,0.67,scattered clouds
136,Batemans Bay,AU,-35.72,150.18,84.0,55,65,4.0,broken clouds
137,Sao Filipe,CV,14.9,-24.5,75.16,71,5,13.27,clear sky
138,San Vicente De Canete,PE,-13.08,-76.38,66.2,77,77,3.2,broken clouds
139,Katsuura,JP,35.13,140.3,60.01,58,20,17.22,few clouds
140,Rapid Valley,US,44.06,-103.15,44.6,32,1,8.05,clear sky
141,Matagami,CA,49.75,-77.63,23.0,92,1,3.36,clear sky
142,Rosetta,EG,31.4,30.42,57.2,93,20,4.7,few clouds
143,Faya,SA,18.39,42.45,57.2,82,0,3.22,clear sky
144,Mahebourg,MU,-20.41,57.7,73.4,73,40,8.05,scattered clouds
145,Tigil,RU,57.8,158.67,10.51,94,88,5.77,overcast clouds
146,Vuktyl,RU,63.86,57.31,10.58,94,0,1.05,clear sky
147,Tucurui,BR,-3.77,-49.67,77.59,86,98,2.66,light rain
148,Carnarvon,AU,-24.87,113.63,68.0,60,0,24.16,clear sky
149,Tagusao,PH,9.19,117.81,81.81,77,96,4.12,moderate rain
150,Port Hardy,CA,50.7,-127.42,44.6,100,90,3.36,mist
151,Ilulissat,GL,69.22,-51.1,10.4,72,50,17.22,scattered clouds
152,Miles City,US,46.41,-105.84,48.2,31,1,13.87,clear sky
153,Vao,NC,-22.67,167.48,72.59,76,17,17.81,few clouds
154,Kruisfontein,ZA,-34.0,24.73,64.0,75,99,5.99,overcast clouds
155,Acajutla,SV,13.59,-89.83,82.4,58,20,2.51,few clouds
156,Hobyo,SO,5.35,48.53,78.89,78,50,15.73,scattered clouds
157,Farafangana,MG,-22.82,47.83,73.9,91,2,4.72,clear sky
158,Sabzevar,IR,36.21,57.68,41.65,66,63,8.32,broken clouds
159,Bonthe,SL,7.53,-12.51,78.08,84,12,6.42,light rain
160,Tari,NG,12.41,4.49,78.62,31,0,6.29,clear sky
161,Port Blair,IN,11.67,92.75,80.29,79,99,14.67,light rain
162,Aden,YE,12.78,45.04,78.75,71,11,19.39,few clouds
163,Bulungu,CD,-4.55,18.6,69.57,97,76,1.63,broken clouds
164,Pevek,RU,69.7,170.31,12.13,93,11,4.99,few clouds
165,Jian,CN,27.12,114.98,49.21,75,99,9.06,overcast clouds
166,Margate,GB,51.38,1.39,51.01,81,70,4.0,broken clouds
167,Saint George,US,37.1,-113.58,51.8,20,1,2.26,clear sky
168,Victoria,HK,22.29,114.16,66.99,72,62,1.01,broken clouds
169,Yulara,AU,-25.24,130.99,96.8,22,11,12.75,few clouds
170,Lebu,CL,-37.62,-73.65,54.82,84,46,5.86,scattered clouds
171,Hun,LY,29.13,15.95,59.22,48,0,13.24,clear sky
172,Dvinskoy,RU,62.15,45.12,15.82,96,78,7.09,broken clouds
173,Vostok,RU,46.49,135.88,2.73,94,93,4.21,overcast clouds
174,Vila Velha,BR,-20.33,-40.29,77.0,78,40,9.17,scattered clouds
175,Tifton,US,31.45,-83.51,68.0,100,1,4.09,clear sky
176,Asosa,ET,10.07,34.53,65.44,33,11,5.64,few clouds
177,Kattivakkam,IN,13.22,80.32,75.2,94,40,3.36,mist
178,Camabatela,AO,-8.19,15.38,63.34,100,100,1.83,light rain
179,Buala,SB,-8.14,159.59,86.7,65,92,7.31,overcast clouds
180,Kavieng,PG,-2.57,150.8,83.26,78,100,14.29,moderate rain
181,Cidreira,BR,-30.18,-50.21,70.65,90,73,16.67,broken clouds
182,Vardo,NO,70.37,31.11,35.08,85,93,15.61,overcast clouds
183,Shenjiamen,CN,29.96,122.3,54.81,73,100,19.22,overcast clouds
184,Prince Rupert,CA,54.32,-130.32,41.0,86,90,4.7,overcast clouds
185,Riyadh,SA,24.69,46.72,68.0,60,90,3.36,moderate rain
186,Kavaratti,IN,10.57,72.64,81.63,73,0,9.75,clear sky
187,Haverfordwest,GB,51.8,-4.97,48.99,86,73,3.36,broken clouds
188,Port Hueneme,US,34.15,-119.2,75.2,18,1,6.93,clear sky
189,Saldanha,ZA,-33.01,17.94,60.8,72,100,8.05,overcast clouds
190,Bilma,NE,18.69,12.92,67.12,26,0,6.2,clear sky
191,Yellowknife,CA,62.46,-114.35,-0.4,77,40,13.87,scattered clouds
192,Maple Creek,CA,49.92,-109.48,41.0,60,49,18.34,scattered clouds
193,Myskhako,RU,44.67,37.74,39.2,86,30,6.71,scattered clouds
194,Half Moon Bay,US,37.46,-122.43,64.4,18,1,5.82,clear sky
195,Liverpool,GB,53.41,-2.98,37.4,87,81,6.93,broken clouds
196,Chiriqui Grande,PA,8.95,-82.12,66.99,67,74,4.0,light rain
197,Moscow,RU,55.75,37.62,34.0,99,90,6.71,light snow
198,Huaihua,CN,27.55,109.96,42.84,84,100,4.74,overcast clouds
199,Pisco,PE,-13.7,-76.22,68.0,77,0,12.75,clear sky
200,Yar-Sale,RU,66.83,70.83,3.18,94,12,8.97,few clouds
201,Vila Franca Do Campo,PT,37.72,-25.43,57.2,58,40,13.87,scattered clouds
202,Hamilton,US,39.18,-84.53,52.0,66,90,4.07,overcast clouds
203,Iracoubo,GF,5.48,-53.2,78.85,85,28,9.57,scattered clouds
204,Barra Do Garcas,BR,-15.89,-52.26,76.46,63,18,2.84,few clouds
205,Oshawa,CA,43.9,-78.85,44.6,75,90,4.7,overcast clouds
206,Norman Wells,CA,65.28,-126.83,-0.4,77,75,2.24,broken clouds
207,Tyukalinsk,RU,55.87,72.2,4.55,95,75,7.02,broken clouds
208,Jingdezhen,CN,29.29,117.21,46.63,87,100,4.05,light rain
209,Pucallpa,PE,-8.38,-74.55,77.0,94,75,4.7,broken clouds
210,Ancud,CL,-41.87,-73.82,55.99,100,90,13.87,light intensity shower rain
211,Vikulovo,RU,56.82,70.61,6.42,94,93,5.84,overcast clouds
212,Codajas,BR,-3.84,-62.06,76.24,93,100,1.74,overcast clouds
213,Petropavlovsk-Kamchatskiy,RU,53.05,158.65,17.6,92,20,2.24,few clouds
214,Kaitangata,NZ,-46.28,169.85,55.0,58,98,11.99,overcast clouds
215,Puerto Ayora,EC,-0.74,-90.35,71.01,87,67,7.0,broken clouds
216,Hasaki,JP,35.73,140.83,54.0,87,20,8.05,few clouds
217,Yoichi,JP,43.2,140.77,35.01,92,75,3.36,broken clouds
218,Yingkou,CN,40.66,122.23,20.7,82,0,8.32,clear sky
219,Barsovo,RU,61.17,73.17,5.0,92,75,4.47,broken clouds
220,Nabire,ID,-3.37,135.48,77.58,91,100,1.7,light rain
221,Poopo,BO,-18.37,-66.97,54.52,53,58,11.41,light rain
222,Gameza,CO,5.8,-72.81,54.01,89,97,1.88,overcast clouds
223,Saskylakh,RU,71.92,114.08,3.85,92,19,9.84,few clouds
224,Ban Nahin,LA,18.24,104.21,66.61,75,7,4.83,clear sky
225,Cabedelo,BR,-6.98,-34.83,78.8,78,20,11.41,few clouds
226,Polyarnyy,RU,69.2,33.45,28.4,92,0,2.24,clear sky
227,Presidente Medici,BR,-11.18,-61.9,75.61,86,93,3.4,overcast clouds
228,Lompoc,US,34.64,-120.46,64.4,34,1,12.75,clear sky
229,Qaqortoq,GL,60.72,-46.03,23.0,53,100,14.99,light shower snow
230,Behshahr,IR,36.69,53.55,45.68,76,44,7.16,scattered clouds
231,Georgetown,MY,5.41,100.34,78.8,88,20,2.24,few clouds
232,Conde,BR,-7.26,-34.91,78.8,78,20,11.41,few clouds
233,Broome,US,42.25,-75.83,44.01,93,90,3.38,overcast clouds
234,Ixtapa,MX,20.7,-105.2,80.6,78,20,11.41,few clouds
235,Parana,AR,-31.73,-60.52,84.99,46,13,1.01,few clouds
236,Slupsk,PL,54.46,17.03,40.06,77,46,7.38,scattered clouds
237,Taltal,CL,-25.4,-70.48,61.88,76,31,4.29,scattered clouds
238,Ingham,US,42.6,-84.38,42.8,81,90,4.7,overcast clouds
239,Teya,RU,60.38,92.63,8.51,87,74,0.78,broken clouds
240,Bambous Virieux,MU,-20.34,57.76,73.99,73,40,8.05,scattered clouds
241,Whitehorse,CA,60.72,-135.05,15.8,78,75,10.29,broken clouds
242,Marovoay,MG,-16.1,46.63,80.6,83,20,3.36,few clouds
243,Oranjemund,NA,-28.55,16.43,59.74,90,5,2.55,clear sky
244,Sibu,MY,2.3,111.82,75.2,94,40,4.7,scattered clouds
245,Shaowu,CN,27.34,117.48,51.6,79,95,2.24,overcast clouds
246,Chuy,UY,-33.7,-53.46,63.59,86,0,11.1,clear sky
247,San Patricio,US,28.02,-97.52,80.6,74,75,17.22,broken clouds
248,Port Elizabeth,ZA,-33.92,25.57,64.4,77,75,21.92,broken clouds
249,Kodiak,US,57.79,-152.41,30.2,74,20,8.93,few clouds
250,Oktyabrskiy,RU,54.48,53.47,12.88,96,67,3.27,broken clouds
251,Ponta Do Sol,PT,32.67,-17.1,62.6,63,40,17.22,scattered clouds
252,Henties Bay,NA,-22.12,14.28,57.99,91,61,6.02,broken clouds
253,Manokwari,ID,-0.87,134.08,83.17,72,93,4.68,overcast clouds
254,Upernavik,GL,72.79,-56.15,0.32,80,0,7.25,clear sky
255,Sitka,US,57.05,-135.33,39.2,69,75,4.18,broken clouds
256,Lakhnadon,IN,22.6,79.6,56.71,62,68,5.64,broken clouds
257,Safaga,EG,26.73,33.94,64.4,52,0,11.41,clear sky
258,Luneville,FR,48.6,6.5,50.0,79,1,3.36,mist
259,Uyemskiy,RU,64.47,40.85,21.2,92,90,6.71,overcast clouds
260,Komsomolskiy,UZ,40.43,71.72,35.6,74,100,4.7,light rain
261,Lorengau,PG,-2.02,147.27,84.15,77,96,7.2,moderate rain
262,Rawson,AR,-43.3,-65.1,72.88,29,100,17.29,overcast clouds
263,Berlevag,NO,70.86,29.09,36.57,82,43,18.84,scattered clouds
264,Aguimes,ES,27.91,-15.45,64.4,68,20,9.17,few clouds
265,Laguna,US,38.42,-121.42,61.0,29,1,3.36,clear sky
266,Anadyr,RU,64.75,177.48,15.8,85,46,4.47,scattered clouds
267,Chifeng,CN,42.27,118.96,5.27,85,0,8.28,clear sky
268,Cabo San Lucas,MX,22.89,-109.91,79.0,61,20,6.93,few clouds
269,Abbeville,FR,50.1,1.83,42.8,93,18,9.17,few clouds
270,Boddam,GB,57.47,-1.78,35.6,93,58,18.16,broken clouds
271,The Pas,CA,53.83,-101.25,32.0,95,20,12.75,few clouds
272,Yuzha,RU,56.58,42.01,33.15,97,100,7.02,overcast clouds
273,Kamsack,CA,51.57,-101.9,33.8,74,75,10.29,broken clouds
274,Nong Kung Si,TH,16.65,103.3,70.0,88,20,5.82,few clouds
275,Khatanga,RU,71.97,102.5,14.76,96,99,15.64,light snow
276,Namatanai,PG,-3.67,152.43,84.79,70,93,7.65,light rain
277,Vaxjo,SE,56.88,14.81,33.8,100,0,8.05,clear sky
278,Cherskiy,RU,68.75,161.3,5.59,90,28,2.46,scattered clouds
279,Bakel,SN,14.9,-12.46,73.67,20,0,10.27,clear sky
280,Olafsvik,IS,64.89,-23.71,33.91,84,98,42.08,light rain
281,Mana,GF,5.66,-53.78,78.78,85,38,10.09,scattered clouds
282,Gwadar,PK,25.12,62.33,70.5,46,0,5.86,clear sky
283,Dickinson,US,29.46,-95.05,70.0,88,90,6.93,overcast clouds
284,Kem,RU,64.96,34.58,28.92,96,100,4.76,overcast clouds
285,Guadalupe Y Calvo,MX,26.1,-106.97,52.18,93,14,3.87,light rain
286,Ucluelet,CA,48.93,-125.55,50.0,93,90,18.34,heavy intensity rain
287,Mayo,US,38.89,-76.51,53.6,87,90,2.82,overcast clouds
288,Kaoma,ZM,-14.78,24.8,65.75,94,91,5.08,light rain
289,Yamada,JP,39.47,141.95,40.62,89,100,8.86,overcast clouds
290,Buchanan,LR,5.88,-10.05,78.8,94,75,7.27,broken clouds
291,Mercedes,AR,-34.65,-59.43,79.0,60,0,5.01,clear sky
292,San Vicente,AR,-26.62,-54.13,71.31,77,62,2.42,light rain
293,Ahipara,NZ,-35.17,173.17,63.3,57,8,13.8,clear sky
294,Daur,PK,26.46,68.32,53.6,87,0,4.7,mist
295,Freeport,US,40.66,-73.58,57.2,67,75,10.22,broken clouds
296,Constantine,DZ,36.37,6.61,57.2,54,90,19.46,overcast clouds
297,Daru,PG,-9.08,143.21,84.04,64,99,5.39,overcast clouds
298,Rawah,IQ,34.48,41.91,54.91,60,96,3.96,overcast clouds
299,Laredo,US,27.51,-99.51,87.8,51,1,9.17,clear sky
300,Kalmunai,LK,7.42,81.82,77.81,80,48,0.94,scattered clouds
301,Cockburn Town,TC,21.46,-71.14,78.46,77,4,14.32,clear sky
302,Zvenyhorodka,UA,49.08,30.97,37.65,83,100,3.74,overcast clouds
303,Great Yarmouth,GB,52.61,1.73,48.0,93,40,4.7,fog
304,Baljevac,BA,44.82,15.78,38.26,85,43,0.81,scattered clouds
305,Fortuna,US,40.6,-124.16,57.0,64,26,2.82,scattered clouds
306,Padang,ID,-0.95,100.35,77.63,75,92,4.32,overcast clouds
307,Indramayu,ID,-6.33,108.32,82.45,72,99,3.65,overcast clouds
308,Conway,US,35.09,-92.44,53.6,87,20,4.16,few clouds
309,Bonfim,BR,3.08,-59.95,81.75,70,71,1.63,broken clouds
310,Beckingen,DE,49.4,6.7,37.0,99,0,3.0,clear sky
311,Kasama,ZM,-10.21,31.18,65.5,62,93,3.49,overcast clouds
312,Sao Miguel Do Araguaia,BR,-13.28,-50.16,78.26,59,16,3.65,few clouds
313,Mar Del Plata,AR,-38.0,-57.56,73.4,56,0,9.17,clear sky
314,Banavar,IN,13.41,76.17,64.6,87,98,2.75,overcast clouds
315,Wattegama,LK,6.8,81.48,72.88,92,47,2.3,scattered clouds
316,Udala,ES,43.08,-2.51,45.0,93,90,3.94,overcast clouds
317,Mehamn,NO,71.04,27.85,38.48,78,55,18.72,broken clouds
318,Jalu,LY,29.03,21.55,54.57,77,0,4.65,clear sky
319,Goderich,CA,43.75,-81.72,42.8,87,95,10.29,overcast clouds
320,Nouadhibou,MR,20.93,-17.03,66.2,72,20,9.17,few clouds
321,Nelson Bay,AU,-32.72,152.15,93.2,32,64,20.8,broken clouds
322,Ustye,RU,59.63,39.74,24.19,97,98,10.31,overcast clouds
323,Lere,NG,10.39,8.57,66.85,40,5,3.42,clear sky
324,Bethel,US,41.37,-73.41,51.8,76,90,4.76,overcast clouds
325,Nuuk,GL,64.18,-51.72,26.6,68,100,13.87,light snow
326,Codrington,AU,-38.27,141.97,63.3,74,100,11.99,light rain
327,Ferme-Neuve,CA,46.7,-75.45,33.8,100,99,2.93,overcast clouds
328,Asuncion,PY,-25.3,-57.64,86.0,70,0,2.24,clear sky
329,Presidencia Roque Saenz Pena,AR,-26.79,-60.44,77.32,78,30,3.89,scattered clouds
330,Newport,GB,51.59,-3.0,43.0,96,92,1.99,overcast clouds
331,Grindavik,IS,63.84,-22.43,35.6,59,75,38.03,shower rain
332,Dunedin,NZ,-45.87,170.5,53.01,58,92,23.0,overcast clouds
333,Fez,MA,34.04,-5.0,48.2,93,90,4.7,overcast clouds
334,Ulundi,ZA,-28.34,31.42,60.33,86,100,3.53,overcast clouds
335,Serebryansk,KZ,49.69,83.29,-2.2,84,90,4.94,fog
336,Puerto Quijarro,BO,-17.78,-57.77,82.8,50,52,1.25,broken clouds
337,Aklavik,CA,68.22,-135.01,1.4,84,75,4.7,broken clouds
338,Acatlan,MX,20.15,-98.45,57.92,58,13,2.82,few clouds
339,Myitkyina,MM,25.38,97.4,53.78,63,6,2.35,clear sky
340,Mecca,SA,21.43,39.83,73.62,65,1,5.57,clear sky
341,Poum,NC,-20.23,164.02,75.83,68,75,16.08,broken clouds
342,Novoagansk,RU,61.94,76.66,0.0,93,54,3.91,broken clouds
343,Ijui,BR,-28.39,-53.91,70.95,88,20,12.03,few clouds
344,Qixingtai,CN,30.41,111.89,43.0,84,100,8.41,overcast clouds
345,Lawrenceburg,US,38.04,-84.9,51.8,66,90,3.36,overcast clouds
346,Vestmannaeyjar,IS,63.44,-20.27,38.12,72,94,27.56,light rain
347,Chudovo,RU,59.12,31.68,35.83,86,100,9.93,overcast clouds
348,Sanchursk,RU,56.94,47.25,22.44,97,100,12.8,overcast clouds
349,Lubumbashi,CD,-11.66,27.48,63.01,97,100,4.36,light rain
350,Davila,PH,18.47,120.58,78.8,74,75,16.11,broken clouds
351,Barsi,IN,18.23,75.7,67.62,70,72,18.84,broken clouds
352,Krasnoselkup,RU,65.7,82.47,1.78,93,100,7.36,overcast clouds
353,Kommunisticheskiy,RU,61.68,64.48,9.46,96,33,2.89,scattered clouds
354,Muros,ES,42.78,-9.06,48.2,93,0,6.93,clear sky
355,Bathsheba,BB,13.22,-59.52,77.0,88,20,6.93,few clouds
356,Lincoln,US,40.8,-96.67,44.01,56,0,1.99,clear sky
357,Trapani,IT,37.83,12.67,63.0,72,20,18.34,few clouds
358,Saint-Francois,FR,46.42,3.91,39.99,93,0,4.56,fog
359,Catuday,PH,16.29,119.81,80.24,81,87,7.56,overcast clouds
360,Nemuro,JP,43.32,145.57,35.6,64,75,4.7,broken clouds
361,Sao Joao Da Barra,BR,-21.64,-41.05,74.05,90,0,12.06,clear sky
362,Bonavista,CA,48.65,-53.11,50.0,93,46,9.17,scattered clouds
363,Chingirlau,KZ,51.09,54.08,15.55,97,94,3.76,overcast clouds
364,Ayna,PE,-12.65,-73.92,62.01,77,100,1.43,light rain
365,Nowogard,PL,53.67,15.12,39.0,100,90,4.7,fog
366,Abu Dhabi,AE,24.47,54.37,71.6,56,0,3.36,clear sky
367,Ranghulu,CN,46.65,124.87,11.34,79,0,6.44,clear sky
368,Flinders,AU,-34.58,150.86,96.01,44,66,8.01,broken clouds
369,Cap Malheureux,MU,-19.98,57.61,73.99,76,2,5.01,clear sky
370,Labytnangi,RU,66.66,66.42,1.44,92,13,6.87,few clouds
371,Santiago De Cao,PE,-7.96,-79.24,64.47,84,50,10.89,scattered clouds
372,Balagansk,RU,54.01,103.05,0.95,92,5,1.1,clear sky
373,Gasa,PS,31.5,34.47,55.4,93,0,3.36,clear sky
374,Sur,OM,22.57,59.53,72.93,62,73,9.55,broken clouds
375,Aykhal,RU,66.0,111.5,-2.2,84,75,4.7,light snow
376,Acarau,BR,-2.89,-40.12,80.91,76,45,17.05,scattered clouds
377,Haltom City,US,32.8,-97.27,61.0,48,1,9.17,clear sky
378,Zhigansk,RU,66.77,123.37,-0.29,92,100,17.83,overcast clouds
379,Strezhevoy,RU,60.73,77.59,-0.4,84,90,4.47,light snow
380,Tuatapere,NZ,-46.13,167.68,61.0,53,100,1.99,overcast clouds
381,Vanimo,PG,-2.67,141.3,86.11,64,90,2.51,light rain
382,Rio Grande,BR,-32.03,-52.1,71.01,87,8,7.0,clear sky
383,Corrales,US,35.24,-106.61,45.0,41,90,16.11,overcast clouds
384,Asau,RO,46.43,26.4,28.99,95,100,3.38,overcast clouds
385,Kapitanivka,UA,48.92,31.72,35.73,85,100,3.44,overcast clouds
386,Roccastrada,IT,43.01,11.17,57.0,87,75,5.82,broken clouds
387,Salinas,US,36.68,-121.66,69.8,15,1,3.6,clear sky
388,Chake Chake,TZ,-5.25,39.77,77.45,83,0,3.2,clear sky
389,Lakes Entrance,AU,-37.88,147.98,75.99,73,100,4.0,light rain
390,Marsh Harbour,BS,26.54,-77.06,76.05,67,87,12.82,overcast clouds
391,Bogande,BF,12.97,-0.14,76.62,22,35,7.34,scattered clouds
392,Yeppoon,AU,-23.13,150.73,84.2,39,75,11.41,broken clouds
393,Zhezkazgan,KZ,47.8,67.71,23.41,98,100,12.5,snow
394,Hofn,IS,64.25,-15.21,39.25,72,83,25.75,broken clouds
395,Botwood,CA,49.15,-55.35,51.01,92,74,3.0,broken clouds
396,Touros,BR,-5.2,-35.46,78.8,78,40,10.29,scattered clouds
397,Chapais,CA,49.78,-74.85,30.2,86,90,3.36,overcast clouds
398,Bestobe,KZ,52.5,73.1,8.17,93,84,9.19,broken clouds
399,Taoudenni,ML,22.68,-3.98,62.83,35,89,10.56,overcast clouds
400,Toktogul,KG,41.87,72.94,40.87,64,100,0.34,light rain
401,Salinopolis,BR,-0.61,-47.36,79.93,84,90,13.2,light rain
402,Sicuani,PE,-14.27,-71.23,46.58,74,100,8.23,light rain
403,Kvareli,GE,41.95,45.82,37.29,67,47,3.58,scattered clouds
404,Pundaguitan,PH,6.37,126.17,83.14,74,71,11.72,light rain
405,Beringovskiy,RU,63.05,179.32,17.42,96,92,13.15,overcast clouds
406,Barranca,PE,-10.75,-77.77,64.44,84,19,5.17,few clouds
407,Moose Factory,CA,51.26,-80.61,33.8,69,90,6.93,overcast clouds
408,Leningradskiy,RU,69.38,178.42,20.66,95,100,8.14,overcast clouds
409,Port Lincoln,AU,-34.73,135.87,70.23,59,100,12.66,overcast clouds
410,Camargo,MX,27.67,-105.17,74.62,20,32,8.86,scattered clouds
411,Kayes,ML,14.0,-11.0,74.57,19,7,4.61,clear sky
412,Samarai,PG,-10.62,150.67,81.84,73,78,3.24,broken clouds
413,Amuntai,ID,-2.42,115.25,77.95,88,98,0.22,light rain
414,Sobolevo,RU,54.43,31.9,28.94,97,48,5.21,scattered clouds
415,Shamkhal,RU,43.06,47.34,33.8,86,0,11.18,clear sky
416,Camacha,PT,33.08,-16.33,62.6,72,40,16.11,scattered clouds
417,Peniche,PT,39.36,-9.38,52.0,89,16,1.14,few clouds
418,Lerwick,GB,60.15,-1.15,46.4,81,93,10.29,overcast clouds
419,Poniatowa,PL,51.18,22.13,39.99,100,90,9.17,overcast clouds
420,Mount Gambier,AU,-37.83,140.77,64.4,82,40,13.87,light rain
421,Russellville,US,35.28,-93.13,55.4,82,1,4.52,clear sky
422,San Carlos De Bariloche,AR,-41.15,-71.31,51.8,62,40,26.4,scattered clouds
423,Naze,JP,28.37,129.48,66.2,63,75,12.75,broken clouds
424,Vangaindrano,MG,-23.35,47.6,74.7,90,42,5.21,scattered clouds
425,Podporozhye,RU,60.91,34.17,29.62,97,94,9.24,overcast clouds
426,Balykshi,KZ,47.07,51.87,30.2,100,90,6.71,fog
427,Aswan,EG,24.09,32.91,57.16,50,0,8.61,clear sky
428,Penzance,GB,50.12,-5.54,50.0,100,99,18.34,overcast clouds
429,Paita,PE,-5.09,-81.11,65.12,83,75,11.83,broken clouds
430,Tawang,IN,27.58,91.87,35.92,77,24,5.21,few clouds
431,Umm Lajj,SA,25.02,37.27,70.34,55,0,6.4,clear sky
432,Perigueux,FR,45.18,0.72,51.01,86,7,7.18,clear sky
433,Feijo,BR,-8.16,-70.35,75.74,94,88,1.77,overcast clouds
434,Shakawe,BW,-18.37,21.85,74.34,66,25,3.78,scattered clouds
435,Nome,US,64.5,-165.41,24.8,79,90,8.05,overcast clouds
436,Hambantota,LK,6.12,81.12,76.21,84,86,5.17,overcast clouds
437,Novochernorechenskiy,RU,56.27,91.08,6.84,93,0,4.03,clear sky
438,Luderitz,NA,-26.65,15.16,59.0,87,0,14.99,clear sky
439,Moron,AR,-34.65,-58.62,80.01,49,0,3.0,clear sky
440,Batagay,RU,67.63,134.63,-9.6,90,100,1.36,overcast clouds
441,Orodara,BF,10.95,-4.93,78.8,39,0,3.27,clear sky
442,Los Llanos De Aridane,ES,28.66,-17.92,64.4,63,0,3.36,clear sky
443,Juba,SS,4.85,31.58,78.31,62,48,2.53,scattered clouds
444,Fort Nelson,CA,58.81,-122.7,17.6,85,20,4.7,few clouds
445,Pinsk,BY,52.12,26.1,35.73,92,98,7.78,overcast clouds
446,Qiyang,CN,26.59,111.85,45.88,69,100,4.81,overcast clouds
447,Ponca City,US,36.71,-97.09,53.6,40,1,9.17,clear sky
448,Hornepayne,CA,49.21,-84.77,30.69,98,99,6.04,overcast clouds
449,Nishihara,JP,26.18,127.76,69.8,68,40,25.28,scattered clouds
450,Mamallapuram,IN,12.63,80.17,75.2,94,40,3.36,mist
451,Ulaangom,MN,49.98,92.07,10.85,91,99,4.16,overcast clouds
452,Aksarka,RU,66.56,67.8,1.62,94,39,9.28,scattered clouds
453,Isla Mujeres,MX,21.23,-86.73,80.01,74,20,4.7,few clouds
454,Clyde,US,41.3,-82.98,45.0,84,94,6.69,overcast clouds
455,Waitati,NZ,-45.75,170.57,53.01,58,84,23.0,broken clouds
456,Valmiera,LV,57.54,25.43,33.01,97,89,5.99,overcast clouds
457,Mitchell,US,43.71,-98.03,46.4,36,1,4.7,haze
458,Rocha,UY,-34.48,-54.33,61.81,87,0,10.02,clear sky
459,Helong,CN,42.54,129.0,14.81,80,0,6.64,clear sky
460,Nizhneangarsk,RU,55.78,109.55,10.92,88,93,3.36,overcast clouds
461,Ussel,FR,45.55,2.32,48.99,34,1,1.01,clear sky
462,Ziniare,BF,12.58,-1.3,75.2,47,27,2.24,scattered clouds
463,Baoding,CN,38.85,115.49,29.75,81,100,2.98,overcast clouds
464,Uvinza,TZ,-5.1,30.39,66.34,89,72,2.17,broken clouds
465,Linxia,CN,35.6,103.21,23.34,92,100,2.57,overcast clouds
466,Lumby,CA,50.25,-118.97,42.8,79,100,3.36,overcast clouds
467,Chumikan,RU,54.72,135.31,5.11,88,100,21.52,overcast clouds
468,East Moline,US,41.5,-90.44,39.2,55,1,6.93,clear sky
469,Lishu,CN,43.3,124.33,6.85,91,0,5.14,clear sky
470,Pangnirtung,CA,66.15,-65.71,17.6,61,90,12.75,overcast clouds
471,Pleasanton,US,37.66,-121.87,63.0,29,16,1.99,few clouds
472,Igarka,RU,67.47,86.58,6.71,95,100,10.38,overcast clouds
473,Okhotsk,RU,59.38,143.3,3.18,87,81,17.09,broken clouds
474,Patuli,IN,23.55,88.25,65.88,63,43,8.1,scattered clouds
475,Majene,ID,-3.54,118.97,82.08,70,100,3.11,light rain
476,Juneau,US,58.3,-134.42,33.8,92,90,2.82,overcast clouds
477,Manica,FR,49.0,-1.17,48.2,93,58,9.17,mist
478,Lavrentiya,RU,65.58,-171.0,23.02,92,6,9.93,clear sky
479,Pestovo,RU,58.59,35.8,31.1,98,100,11.16,overcast clouds
480,Mahenge,TZ,-8.68,36.72,65.88,99,32,2.82,scattered clouds
481,Reggio Di Calabria,IT,38.11,15.66,62.6,62,0,10.29,clear sky
482,Avezzano,IT,42.04,13.44,50.0,85,95,2.28,overcast clouds
483,Mananjary,MG,-21.22,48.33,73.51,93,3,4.52,clear sky
484,Nacogdoches,US,31.6,-94.63,66.0,93,90,5.82,mist
485,Egvekinot,RU,66.32,-179.17,14.16,94,33,13.09,scattered clouds
486,Necochea,AR,-38.55,-58.74,75.99,54,0,18.66,clear sky
487,Inhambane,MZ,-23.86,35.38,76.14,88,71,12.12,light rain
488,Ambulu,ID,-8.35,113.61,79.81,82,88,2.35,overcast clouds
489,Vanavara,RU,60.34,102.28,-1.46,92,65,3.83,broken clouds
490,Gumdag,TM,39.21,54.59,39.36,78,0,9.37,clear sky
491,Lujan,AR,-34.57,-59.1,78.01,64,0,1.01,clear sky
492,Tymovskoye,RU,50.85,142.66,15.98,92,100,5.28,overcast clouds
493,Tripoli,LY,32.88,13.19,64.83,62,0,23.69,clear sky
494,Hwange,ZW,-18.37,26.5,74.05,78,71,6.44,broken clouds
495,The Valley,AI,18.22,-63.06,79.0,83,40,3.36,scattered clouds
496,Korba,IN,22.35,82.68,60.17,75,79,6.22,broken clouds
497,Dargaville,NZ,-35.93,173.88,64.0,55,16,10.67,few clouds
498,Shalazhi,RU,43.1,45.36,26.6,92,0,2.24,mist
499,Tommot,RU,58.96,126.29,4.68,91,100,10.54,light snow
500,Pochutla,MX,15.74,-96.47,84.2,70,5,10.29,clear sky
501,Pontes E Lacerda,BR,-15.23,-59.34,80.64,59,80,3.65,light rain
502,Algiers,DZ,36.75,3.04,57.2,82,75,2.24,light rain
503,Tazovskiy,RU,67.47,78.7,3.4,94,83,8.75,broken clouds
504,High Level,CA,58.52,-117.14,23.0,73,75,5.82,broken clouds
505,Thinadhoo,MV,0.53,72.93,81.97,73,86,10.27,overcast clouds
506,Vyartsilya,RU,62.18,30.69,28.76,96,68,7.31,broken clouds
507,Rafai,CF,4.95,23.92,71.11,54,2,1.32,clear sky
508,Alur,IN,12.98,75.98,60.51,96,74,4.61,broken clouds
509,Yamethin,MM,20.43,96.15,65.01,80,26,3.94,scattered clouds
510,Salalah,OM,17.02,54.09,73.4,78,20,4.7,few clouds
511,Kamaishi,JP,39.27,141.88,35.6,93,75,6.93,broken clouds
512,Strai,NO,58.2,7.9,37.0,89,34,4.7,scattered clouds
513,Buraydah,SA,26.33,43.98,59.0,100,75,10.29,broken clouds
514,Dutse,NG,11.76,9.34,73.04,29,3,10.02,clear sky
515,Glyadyanskoye,RU,54.91,65.09,11.32,96,97,5.01,overcast clouds
516,Santiago,CL,-33.46,-70.65,75.2,22,0,5.82,clear sky
517,Gimli,CA,50.63,-96.99,33.8,74,100,9.17,overcast clouds
518,Sao Joao Da Ponte,BR,-15.93,-44.01,66.2,84,74,3.74,broken clouds
519,Huanuni,BO,-18.27,-66.85,47.26,72,63,16.73,light rain
520,Salto,UY,-31.38,-57.97,76.75,57,0,9.31,light rain
521,Fairview,US,40.81,-74.0,57.2,58,90,4.7,overcast clouds
522,Talcahuano,CL,-36.72,-73.12,60.8,72,0,16.11,clear sky
523,Russell,US,32.35,-85.2,69.8,88,75,1.57,broken clouds
524,Ambon,ID,-3.7,128.18,93.2,71,20,2.24,few clouds
525,Zhob,PK,31.34,69.45,47.08,45,53,1.63,broken clouds
526,Griffith,US,41.53,-87.42,39.2,65,1,4.7,clear sky
527,Antalaha,MG,-14.9,50.28,73.17,90,27,4.05,scattered clouds
528,Marzuq,YE,14.4,46.47,60.82,83,0,4.03,clear sky
529,Tabou,CI,4.42,-7.35,77.65,83,83,1.61,broken clouds
530,Asyut,EG,27.18,31.18,53.6,66,0,6.93,clear sky
531,Iringa,TZ,-7.77,35.7,59.77,81,13,6.42,few clouds
532,Sabang,ID,5.89,95.32,81.48,76,100,10.51,light rain
533,Kichmengskiy Gorodok,RU,59.98,45.79,15.12,95,98,8.16,overcast clouds
534,Cariamanga,EC,-4.33,-79.55,55.83,100,99,3.47,light rain
535,Pulsano,IT,40.38,17.36,51.01,87,34,5.01,scattered clouds
536,Lakatoro,VU,-16.1,167.42,82.4,78,75,6.93,broken clouds
537,Clarence Town,AU,-32.58,151.78,93.2,32,40,20.8,scattered clouds
538,Ostrovnoy,RU,68.05,39.51,26.73,95,100,17.83,overcast clouds
539,Isangel,VU,-19.55,169.27,80.6,65,40,9.17,scattered clouds
540,Sompeta,IN,18.93,84.6,73.51,55,91,6.85,overcast clouds
541,Alim,PH,9.56,122.49,82.45,76,53,13.76,broken clouds
542,Medina,SA,24.47,39.61,71.6,46,0,3.36,clear sky
543,Srednekolymsk,RU,67.45,153.68,-2.34,92,100,6.55,overcast clouds
544,Pueblo,US,38.25,-104.61,46.4,45,1,5.84,clear sky
545,Yomou,GN,7.56,-9.27,70.03,93,25,1.79,scattered clouds
546,Ariquemes,BR,-9.91,-63.04,75.06,89,96,3.42,light rain
547,Orda,RU,57.2,56.91,12.67,95,23,4.7,few clouds
548,Cobija,BO,-11.03,-68.77,78.8,88,75,6.93,shower rain
549,Suntar,RU,62.14,117.63,-4.02,91,98,5.01,overcast clouds
550,Mahon,ES,39.89,4.27,64.4,82,100,13.87,overcast clouds
551,Ramhormoz,IR,31.28,49.6,65.91,66,100,2.51,light rain
552,Banda Aceh,ID,5.56,95.32,78.37,76,100,5.21,light rain
553,Phalombe,MW,-15.81,35.65,69.87,84,47,4.41,scattered clouds
554,Poindimie,NC,-20.93,165.33,79.95,46,14,8.08,few clouds
555,Pitimbu,BR,-7.47,-34.81,78.8,78,20,11.41,few clouds
556,Valle Hermoso,MX,25.67,-97.83,80.6,78,40,18.34,scattered clouds
